{
	"BUILD_DIR" : "/Users/vidunjayakody/Desktop/comp3004/assignment-02/qt-ui/build-elevator-ui-Qt_6_6_0_for_macOS-Debug/elevator-ui_autogen",
	"CMAKE_BINARY_DIR" : "/Users/vidunjayakody/Desktop/comp3004/assignment-02/qt-ui/build-elevator-ui-Qt_6_6_0_for_macOS-Debug",
	"CMAKE_CURRENT_BINARY_DIR" : "/Users/vidunjayakody/Desktop/comp3004/assignment-02/qt-ui/build-elevator-ui-Qt_6_6_0_for_macOS-Debug",
	"CMAKE_CURRENT_SOURCE_DIR" : "/Users/vidunjayakody/Desktop/comp3004/assignment-02/qt-ui/elevator-ui",
	"CMAKE_EXECUTABLE" : "/Users/vidunjayakody/Qt/Tools/CMake/CMake.app/Contents/bin/cmake",
	"CMAKE_LIST_FILES" : 
	[
		"/Users/vidunjayakody/Desktop/comp3004/assignment-02/qt-ui/elevator-ui/CMakeLists.txt",
		"/Users/vidunjayakody/Desktop/comp3004/assignment-02/qt-ui/build-elevator-ui-Qt_6_6_0_for_macOS-Debug/.qtc/package-manager/auto-setup.cmake",
		"/Users/vidunjayakody/Desktop/comp3004/assignment-02/qt-ui/build-elevator-ui-Qt_6_6_0_for_macOS-Debug/CMakeFiles/3.24.2/CMakeSystem.cmake",
		"/Users/vidunjayakody/Qt/Tools/CMake/CMake.app/Contents/share/cmake-3.24/Modules/CMakeSystemSpecificInitialize.cmake",
		"/Users/vidunjayakody/Qt/Tools/CMake/CMake.app/Contents/share/cmake-3.24/Modules/Platform/Darwin-Initialize.cmake",
		"/Users/vidunjayakody/Desktop/comp3004/assignment-02/qt-ui/build-elevator-ui-Qt_6_6_0_for_macOS-Debug/CMakeFiles/3.24.2/CMakeCXXCompiler.cmake",
		"/Users/vidunjayakody/Qt/Tools/CMake/CMake.app/Contents/share/cmake-3.24/Modules/CMakeSystemSpecificInformation.cmake",
		"/Users/vidunjayakody/Qt/Tools/CMake/CMake.app/Contents/share/cmake-3.24/Modules/CMakeGenericSystem.cmake",
		"/Users/vidunjayakody/Qt/Tools/CMake/CMake.app/Contents/share/cmake-3.24/Modules/CMakeInitializeConfigs.cmake",
		"/Users/vidunjayakody/Qt/Tools/CMake/CMake.app/Contents/share/cmake-3.24/Modules/Platform/Darwin.cmake",
		"/Users/vidunjayakody/Qt/Tools/CMake/CMake.app/Contents/share/cmake-3.24/Modules/Platform/UnixPaths.cmake",
		"/Users/vidunjayakody/Qt/Tools/CMake/CMake.app/Contents/share/cmake-3.24/Modules/CMakeCXXInformation.cmake",
		"/Users/vidunjayakody/Qt/Tools/CMake/CMake.app/Contents/share/cmake-3.24/Modules/CMakeLanguageInformation.cmake",
		"/Users/vidunjayakody/Qt/Tools/CMake/CMake.app/Contents/share/cmake-3.24/Modules/Compiler/AppleClang-CXX.cmake",
		"/Users/vidunjayakody/Qt/Tools/CMake/CMake.app/Contents/share/cmake-3.24/Modules/Compiler/Clang.cmake",
		"/Users/vidunjayakody/Qt/Tools/CMake/CMake.app/Contents/share/cmake-3.24/Modules/Compiler/CMakeCommonCompilerMacros.cmake",
		"/Users/vidunjayakody/Qt/Tools/CMake/CMake.app/Contents/share/cmake-3.24/Modules/Compiler/GNU.cmake",
		"/Users/vidunjayakody/Qt/Tools/CMake/CMake.app/Contents/share/cmake-3.24/Modules/Compiler/CMakeCommonCompilerMacros.cmake",
		"/Users/vidunjayakody/Qt/Tools/CMake/CMake.app/Contents/share/cmake-3.24/Modules/Platform/Apple-AppleClang-CXX.cmake",
		"/Users/vidunjayakody/Qt/Tools/CMake/CMake.app/Contents/share/cmake-3.24/Modules/Platform/Apple-Clang-CXX.cmake",
		"/Users/vidunjayakody/Qt/Tools/CMake/CMake.app/Contents/share/cmake-3.24/Modules/Platform/Apple-Clang.cmake",
		"/Users/vidunjayakody/Qt/Tools/CMake/CMake.app/Contents/share/cmake-3.24/Modules/CMakeCommonLanguageInclude.cmake",
		"/Users/vidunjayakody/Qt/6.6.0/macos/lib/cmake/Qt6/Qt6ConfigVersion.cmake",
		"/Users/vidunjayakody/Qt/6.6.0/macos/lib/cmake/Qt6/Qt6ConfigVersionImpl.cmake",
		"/Users/vidunjayakody/Qt/6.6.0/macos/lib/cmake/Qt6/Qt6Config.cmake",
		"/Users/vidunjayakody/Qt/6.6.0/macos/lib/cmake/Qt6/Qt6ConfigExtras.cmake",
		"/Users/vidunjayakody/Qt/6.6.0/macos/lib/cmake/Qt6/QtPublicCMakeVersionHelpers.cmake",
		"/Users/vidunjayakody/Qt/6.6.0/macos/lib/cmake/Qt6/Qt6Targets.cmake",
		"/Users/vidunjayakody/Qt/6.6.0/macos/lib/cmake/Qt6/Qt6VersionlessTargets.cmake",
		"/Users/vidunjayakody/Qt/6.6.0/macos/lib/cmake/Qt6/QtFeature.cmake",
		"/Users/vidunjayakody/Qt/6.6.0/macos/lib/cmake/Qt6/QtFeatureCommon.cmake",
		"/Users/vidunjayakody/Qt/Tools/CMake/CMake.app/Contents/share/cmake-3.24/Modules/CheckCXXCompilerFlag.cmake",
		"/Users/vidunjayakody/Qt/Tools/CMake/CMake.app/Contents/share/cmake-3.24/Modules/CheckCXXSourceCompiles.cmake",
		"/Users/vidunjayakody/Qt/Tools/CMake/CMake.app/Contents/share/cmake-3.24/Modules/Internal/CheckSourceCompiles.cmake",
		"/Users/vidunjayakody/Qt/Tools/CMake/CMake.app/Contents/share/cmake-3.24/Modules/Internal/CheckCompilerFlag.cmake",
		"/Users/vidunjayakody/Qt/Tools/CMake/CMake.app/Contents/share/cmake-3.24/Modules/Internal/CheckFlagCommonConfig.cmake",
		"/Users/vidunjayakody/Qt/Tools/CMake/CMake.app/Contents/share/cmake-3.24/Modules/Internal/CheckSourceCompiles.cmake",
		"/Users/vidunjayakody/Qt/Tools/CMake/CMake.app/Contents/share/cmake-3.24/Modules/CMakeCheckCompilerFlagCommonPatterns.cmake",
		"/Users/vidunjayakody/Qt/6.6.0/macos/lib/cmake/Qt6/QtPublicAppleHelpers.cmake",
		"/Users/vidunjayakody/Qt/6.6.0/macos/lib/cmake/Qt6/QtPublicFinalizerHelpers.cmake",
		"/Users/vidunjayakody/Qt/6.6.0/macos/lib/cmake/Qt6/QtPublicPluginHelpers.cmake",
		"/Users/vidunjayakody/Qt/6.6.0/macos/lib/cmake/Qt6/QtPublicTargetHelpers.cmake",
		"/Users/vidunjayakody/Qt/6.6.0/macos/lib/cmake/Qt6/QtPublicWalkLibsHelpers.cmake",
		"/Users/vidunjayakody/Qt/6.6.0/macos/lib/cmake/Qt6/QtPublicFindPackageHelpers.cmake",
		"/Users/vidunjayakody/Qt/6.6.0/macos/lib/cmake/Qt6/QtPublicDependencyHelpers.cmake",
		"/Users/vidunjayakody/Qt/6.6.0/macos/lib/cmake/Qt6/QtPublicTestHelpers.cmake",
		"/Users/vidunjayakody/Qt/6.6.0/macos/lib/cmake/Qt6/QtPublicToolHelpers.cmake",
		"/Users/vidunjayakody/Qt/6.6.0/macos/lib/cmake/Qt6/QtPublicCMakeHelpers.cmake",
		"/Users/vidunjayakody/Qt/Tools/CMake/CMake.app/Contents/share/cmake-3.24/Modules/CMakeFindDependencyMacro.cmake",
		"/Users/vidunjayakody/Qt/6.6.0/macos/lib/cmake/Qt6/Qt6Dependencies.cmake",
		"/Users/vidunjayakody/Qt/Tools/CMake/CMake.app/Contents/share/cmake-3.24/Modules/FindThreads.cmake",
		"/Users/vidunjayakody/Qt/Tools/CMake/CMake.app/Contents/share/cmake-3.24/Modules/CheckLibraryExists.cmake",
		"/Users/vidunjayakody/Qt/Tools/CMake/CMake.app/Contents/share/cmake-3.24/Modules/CheckIncludeFileCXX.cmake",
		"/Users/vidunjayakody/Qt/Tools/CMake/CMake.app/Contents/share/cmake-3.24/Modules/CheckCXXSourceCompiles.cmake",
		"/Users/vidunjayakody/Qt/Tools/CMake/CMake.app/Contents/share/cmake-3.24/Modules/FindPackageHandleStandardArgs.cmake",
		"/Users/vidunjayakody/Qt/Tools/CMake/CMake.app/Contents/share/cmake-3.24/Modules/FindPackageMessage.cmake",
		"/Users/vidunjayakody/Qt/6.6.0/macos/lib/cmake/Qt6/Qt6ConfigVersion.cmake",
		"/Users/vidunjayakody/Qt/6.6.0/macos/lib/cmake/Qt6/Qt6ConfigVersionImpl.cmake",
		"/Users/vidunjayakody/Qt/6.6.0/macos/lib/cmake/Qt6/Qt6Config.cmake",
		"/Users/vidunjayakody/Qt/6.6.0/macos/lib/cmake/Qt6/Qt6ConfigExtras.cmake",
		"/Users/vidunjayakody/Qt/6.6.0/macos/lib/cmake/Qt6/QtPublicCMakeVersionHelpers.cmake",
		"/Users/vidunjayakody/Qt/6.6.0/macos/lib/cmake/Qt6/Qt6Targets.cmake",
		"/Users/vidunjayakody/Qt/6.6.0/macos/lib/cmake/Qt6/Qt6VersionlessTargets.cmake",
		"/Users/vidunjayakody/Qt/6.6.0/macos/lib/cmake/Qt6/QtFeature.cmake",
		"/Users/vidunjayakody/Qt/6.6.0/macos/lib/cmake/Qt6/QtFeatureCommon.cmake",
		"/Users/vidunjayakody/Qt/Tools/CMake/CMake.app/Contents/share/cmake-3.24/Modules/CheckCXXCompilerFlag.cmake",
		"/Users/vidunjayakody/Qt/6.6.0/macos/lib/cmake/Qt6/QtPublicAppleHelpers.cmake",
		"/Users/vidunjayakody/Qt/6.6.0/macos/lib/cmake/Qt6/QtPublicFinalizerHelpers.cmake",
		"/Users/vidunjayakody/Qt/6.6.0/macos/lib/cmake/Qt6/QtPublicPluginHelpers.cmake",
		"/Users/vidunjayakody/Qt/6.6.0/macos/lib/cmake/Qt6/QtPublicTargetHelpers.cmake",
		"/Users/vidunjayakody/Qt/6.6.0/macos/lib/cmake/Qt6/QtPublicWalkLibsHelpers.cmake",
		"/Users/vidunjayakody/Qt/6.6.0/macos/lib/cmake/Qt6/QtPublicFindPackageHelpers.cmake",
		"/Users/vidunjayakody/Qt/6.6.0/macos/lib/cmake/Qt6/QtPublicDependencyHelpers.cmake",
		"/Users/vidunjayakody/Qt/6.6.0/macos/lib/cmake/Qt6/QtPublicTestHelpers.cmake",
		"/Users/vidunjayakody/Qt/6.6.0/macos/lib/cmake/Qt6/QtPublicToolHelpers.cmake",
		"/Users/vidunjayakody/Qt/6.6.0/macos/lib/cmake/Qt6/QtPublicCMakeHelpers.cmake",
		"/Users/vidunjayakody/Qt/Tools/CMake/CMake.app/Contents/share/cmake-3.24/Modules/CMakeFindDependencyMacro.cmake",
		"/Users/vidunjayakody/Qt/6.6.0/macos/lib/cmake/Qt6/Qt6Dependencies.cmake",
		"/Users/vidunjayakody/Qt/Tools/CMake/CMake.app/Contents/share/cmake-3.24/Modules/FindThreads.cmake",
		"/Users/vidunjayakody/Qt/Tools/CMake/CMake.app/Contents/share/cmake-3.24/Modules/CheckLibraryExists.cmake",
		"/Users/vidunjayakody/Qt/Tools/CMake/CMake.app/Contents/share/cmake-3.24/Modules/CheckIncludeFileCXX.cmake",
		"/Users/vidunjayakody/Qt/Tools/CMake/CMake.app/Contents/share/cmake-3.24/Modules/CheckCXXSourceCompiles.cmake",
		"/Users/vidunjayakody/Qt/Tools/CMake/CMake.app/Contents/share/cmake-3.24/Modules/FindPackageHandleStandardArgs.cmake",
		"/Users/vidunjayakody/Qt/Tools/CMake/CMake.app/Contents/share/cmake-3.24/Modules/FindPackageMessage.cmake",
		"/Users/vidunjayakody/Qt/6.6.0/macos/lib/cmake/Qt6Widgets/Qt6WidgetsConfigVersion.cmake",
		"/Users/vidunjayakody/Qt/6.6.0/macos/lib/cmake/Qt6Widgets/Qt6WidgetsConfigVersionImpl.cmake",
		"/Users/vidunjayakody/Qt/6.6.0/macos/lib/cmake/Qt6Widgets/Qt6WidgetsConfig.cmake",
		"/Users/vidunjayakody/Qt/Tools/CMake/CMake.app/Contents/share/cmake-3.24/Modules/CMakeFindDependencyMacro.cmake",
		"/Users/vidunjayakody/Qt/6.6.0/macos/lib/cmake/Qt6Widgets/Qt6WidgetsDependencies.cmake",
		"/Users/vidunjayakody/Qt/6.6.0/macos/lib/cmake/Qt6WidgetsTools/Qt6WidgetsToolsConfigVersion.cmake",
		"/Users/vidunjayakody/Qt/6.6.0/macos/lib/cmake/Qt6WidgetsTools/Qt6WidgetsToolsConfigVersionImpl.cmake",
		"/Users/vidunjayakody/Qt/6.6.0/macos/lib/cmake/Qt6WidgetsTools/Qt6WidgetsToolsConfig.cmake",
		"/Users/vidunjayakody/Qt/Tools/CMake/CMake.app/Contents/share/cmake-3.24/Modules/CMakeFindDependencyMacro.cmake",
		"/Users/vidunjayakody/Qt/6.6.0/macos/lib/cmake/Qt6WidgetsTools/Qt6WidgetsToolsDependencies.cmake",
		"/Users/vidunjayakody/Qt/6.6.0/macos/lib/cmake/Qt6CoreTools/Qt6CoreToolsConfigVersion.cmake",
		"/Users/vidunjayakody/Qt/6.6.0/macos/lib/cmake/Qt6CoreTools/Qt6CoreToolsConfigVersionImpl.cmake",
		"/Users/vidunjayakody/Qt/6.6.0/macos/lib/cmake/Qt6CoreTools/Qt6CoreToolsConfig.cmake",
		"/Users/vidunjayakody/Qt/Tools/CMake/CMake.app/Contents/share/cmake-3.24/Modules/CMakeFindDependencyMacro.cmake",
		"/Users/vidunjayakody/Qt/6.6.0/macos/lib/cmake/Qt6CoreTools/Qt6CoreToolsDependencies.cmake",
		"/Users/vidunjayakody/Qt/6.6.0/macos/lib/cmake/Qt6CoreTools/Qt6CoreToolsTargets.cmake",
		"/Users/vidunjayakody/Qt/6.6.0/macos/lib/cmake/Qt6CoreTools/Qt6CoreToolsTargets-relwithdebinfo.cmake",
		"/Users/vidunjayakody/Qt/6.6.0/macos/lib/cmake/Qt6CoreTools/Qt6CoreToolsAdditionalTargetInfo.cmake",
		"/Users/vidunjayakody/Qt/6.6.0/macos/lib/cmake/Qt6CoreTools/Qt6CoreToolsVersionlessTargets.cmake",
		"/Users/vidunjayakody/Qt/6.6.0/macos/lib/cmake/Qt6GuiTools/Qt6GuiToolsConfigVersion.cmake",
		"/Users/vidunjayakody/Qt/6.6.0/macos/lib/cmake/Qt6GuiTools/Qt6GuiToolsConfigVersionImpl.cmake",
		"/Users/vidunjayakody/Qt/6.6.0/macos/lib/cmake/Qt6GuiTools/Qt6GuiToolsConfig.cmake",
		"/Users/vidunjayakody/Qt/Tools/CMake/CMake.app/Contents/share/cmake-3.24/Modules/CMakeFindDependencyMacro.cmake",
		"/Users/vidunjayakody/Qt/6.6.0/macos/lib/cmake/Qt6GuiTools/Qt6GuiToolsDependencies.cmake",
		"/Users/vidunjayakody/Qt/6.6.0/macos/lib/cmake/Qt6GuiTools/Qt6GuiToolsTargets.cmake",
		"/Users/vidunjayakody/Qt/6.6.0/macos/lib/cmake/Qt6GuiTools/Qt6GuiToolsTargets-relwithdebinfo.cmake",
		"/Users/vidunjayakody/Qt/6.6.0/macos/lib/cmake/Qt6GuiTools/Qt6GuiToolsAdditionalTargetInfo.cmake",
		"/Users/vidunjayakody/Qt/6.6.0/macos/lib/cmake/Qt6GuiTools/Qt6GuiToolsVersionlessTargets.cmake",
		"/Users/vidunjayakody/Qt/6.6.0/macos/lib/cmake/Qt6WidgetsTools/Qt6WidgetsToolsTargets.cmake",
		"/Users/vidunjayakody/Qt/6.6.0/macos/lib/cmake/Qt6WidgetsTools/Qt6WidgetsToolsTargets-relwithdebinfo.cmake",
		"/Users/vidunjayakody/Qt/6.6.0/macos/lib/cmake/Qt6WidgetsTools/Qt6WidgetsToolsAdditionalTargetInfo.cmake",
		"/Users/vidunjayakody/Qt/6.6.0/macos/lib/cmake/Qt6WidgetsTools/Qt6WidgetsToolsVersionlessTargets.cmake",
		"/Users/vidunjayakody/Qt/6.6.0/macos/lib/cmake/Qt6Core/Qt6CoreConfigVersion.cmake",
		"/Users/vidunjayakody/Qt/6.6.0/macos/lib/cmake/Qt6Core/Qt6CoreConfigVersionImpl.cmake",
		"/Users/vidunjayakody/Qt/6.6.0/macos/lib/cmake/Qt6Core/Qt6CoreConfig.cmake",
		"/Users/vidunjayakody/Qt/Tools/CMake/CMake.app/Contents/share/cmake-3.24/Modules/CMakeFindDependencyMacro.cmake",
		"/Users/vidunjayakody/Qt/6.6.0/macos/lib/cmake/Qt6Core/Qt6CoreDependencies.cmake",
		"/Users/vidunjayakody/Qt/6.6.0/macos/lib/cmake/Qt6/FindWrapAtomic.cmake",
		"/Users/vidunjayakody/Qt/Tools/CMake/CMake.app/Contents/share/cmake-3.24/Modules/CheckCXXSourceCompiles.cmake",
		"/Users/vidunjayakody/Qt/Tools/CMake/CMake.app/Contents/share/cmake-3.24/Modules/FindPackageHandleStandardArgs.cmake",
		"/Users/vidunjayakody/Qt/Tools/CMake/CMake.app/Contents/share/cmake-3.24/Modules/FindPackageMessage.cmake",
		"/Users/vidunjayakody/Qt/6.6.0/macos/lib/cmake/Qt6CoreTools/Qt6CoreToolsConfigVersion.cmake",
		"/Users/vidunjayakody/Qt/6.6.0/macos/lib/cmake/Qt6CoreTools/Qt6CoreToolsConfigVersionImpl.cmake",
		"/Users/vidunjayakody/Qt/6.6.0/macos/lib/cmake/Qt6CoreTools/Qt6CoreToolsConfig.cmake",
		"/Users/vidunjayakody/Qt/Tools/CMake/CMake.app/Contents/share/cmake-3.24/Modules/CMakeFindDependencyMacro.cmake",
		"/Users/vidunjayakody/Qt/6.6.0/macos/lib/cmake/Qt6CoreTools/Qt6CoreToolsDependencies.cmake",
		"/Users/vidunjayakody/Qt/6.6.0/macos/lib/cmake/Qt6CoreTools/Qt6CoreToolsTargets.cmake",
		"/Users/vidunjayakody/Qt/6.6.0/macos/lib/cmake/Qt6CoreTools/Qt6CoreToolsAdditionalTargetInfo.cmake",
		"/Users/vidunjayakody/Qt/6.6.0/macos/lib/cmake/Qt6CoreTools/Qt6CoreToolsVersionlessTargets.cmake",
		"/Users/vidunjayakody/Qt/6.6.0/macos/lib/cmake/Qt6Core/Qt6CoreTargets.cmake",
		"/Users/vidunjayakody/Qt/6.6.0/macos/lib/cmake/Qt6Core/Qt6CoreTargets-relwithdebinfo.cmake",
		"/Users/vidunjayakody/Qt/6.6.0/macos/lib/cmake/Qt6Core/Qt6CoreAdditionalTargetInfo.cmake",
		"/Users/vidunjayakody/Qt/6.6.0/macos/lib/cmake/Qt6Core/Qt6CoreVersionlessTargets.cmake",
		"/Users/vidunjayakody/Qt/6.6.0/macos/lib/cmake/Qt6Core/Qt6CoreMacros.cmake",
		"/Users/vidunjayakody/Qt/6.6.0/macos/lib/cmake/Qt6Core/Qt6CoreConfigExtras.cmake",
		"/Users/vidunjayakody/Qt/6.6.0/macos/lib/cmake/Qt6Core/QtInstallPaths.cmake",
		"/Users/vidunjayakody/Qt/Tools/CMake/CMake.app/Contents/share/cmake-3.24/Modules/GNUInstallDirs.cmake",
		"/Users/vidunjayakody/Qt/6.6.0/macos/lib/cmake/Qt6Core/Qt6CorePlugins.cmake",
		"/Users/vidunjayakody/Qt/6.6.0/macos/lib/cmake/Qt6Core/Qt6QDarwinBluetoothPermissionPluginConfig.cmake",
		"/Users/vidunjayakody/Qt/Tools/CMake/CMake.app/Contents/share/cmake-3.24/Modules/CMakeFindDependencyMacro.cmake",
		"/Users/vidunjayakody/Qt/6.6.0/macos/lib/cmake/Qt6Core/Qt6QDarwinBluetoothPermissionPluginDependencies.cmake",
		"/Users/vidunjayakody/Qt/6.6.0/macos/lib/cmake/Qt6Core/Qt6QDarwinBluetoothPermissionPluginTargets.cmake",
		"/Users/vidunjayakody/Qt/6.6.0/macos/lib/cmake/Qt6Core/Qt6QDarwinBluetoothPermissionPluginTargets-relwithdebinfo.cmake",
		"/Users/vidunjayakody/Qt/6.6.0/macos/lib/cmake/Qt6Core/Qt6QDarwinBluetoothPermissionPluginAdditionalTargetInfo.cmake",
		"/Users/vidunjayakody/Qt/6.6.0/macos/lib/cmake/Qt6Core/Qt6QDarwinCalendarPermissionPluginConfig.cmake",
		"/Users/vidunjayakody/Qt/Tools/CMake/CMake.app/Contents/share/cmake-3.24/Modules/CMakeFindDependencyMacro.cmake",
		"/Users/vidunjayakody/Qt/6.6.0/macos/lib/cmake/Qt6Core/Qt6QDarwinCalendarPermissionPluginDependencies.cmake",
		"/Users/vidunjayakody/Qt/6.6.0/macos/lib/cmake/Qt6Core/Qt6QDarwinCalendarPermissionPluginTargets.cmake",
		"/Users/vidunjayakody/Qt/6.6.0/macos/lib/cmake/Qt6Core/Qt6QDarwinCalendarPermissionPluginTargets-relwithdebinfo.cmake",
		"/Users/vidunjayakody/Qt/6.6.0/macos/lib/cmake/Qt6Core/Qt6QDarwinCalendarPermissionPluginAdditionalTargetInfo.cmake",
		"/Users/vidunjayakody/Qt/6.6.0/macos/lib/cmake/Qt6Core/Qt6QDarwinCameraPermissionPluginConfig.cmake",
		"/Users/vidunjayakody/Qt/Tools/CMake/CMake.app/Contents/share/cmake-3.24/Modules/CMakeFindDependencyMacro.cmake",
		"/Users/vidunjayakody/Qt/6.6.0/macos/lib/cmake/Qt6Core/Qt6QDarwinCameraPermissionPluginDependencies.cmake",
		"/Users/vidunjayakody/Qt/6.6.0/macos/lib/cmake/Qt6Core/Qt6QDarwinCameraPermissionPluginTargets.cmake",
		"/Users/vidunjayakody/Qt/6.6.0/macos/lib/cmake/Qt6Core/Qt6QDarwinCameraPermissionPluginTargets-relwithdebinfo.cmake",
		"/Users/vidunjayakody/Qt/6.6.0/macos/lib/cmake/Qt6Core/Qt6QDarwinCameraPermissionPluginAdditionalTargetInfo.cmake",
		"/Users/vidunjayakody/Qt/6.6.0/macos/lib/cmake/Qt6Core/Qt6QDarwinContactsPermissionPluginConfig.cmake",
		"/Users/vidunjayakody/Qt/Tools/CMake/CMake.app/Contents/share/cmake-3.24/Modules/CMakeFindDependencyMacro.cmake",
		"/Users/vidunjayakody/Qt/6.6.0/macos/lib/cmake/Qt6Core/Qt6QDarwinContactsPermissionPluginDependencies.cmake",
		"/Users/vidunjayakody/Qt/6.6.0/macos/lib/cmake/Qt6Core/Qt6QDarwinContactsPermissionPluginTargets.cmake",
		"/Users/vidunjayakody/Qt/6.6.0/macos/lib/cmake/Qt6Core/Qt6QDarwinContactsPermissionPluginTargets-relwithdebinfo.cmake",
		"/Users/vidunjayakody/Qt/6.6.0/macos/lib/cmake/Qt6Core/Qt6QDarwinContactsPermissionPluginAdditionalTargetInfo.cmake",
		"/Users/vidunjayakody/Qt/6.6.0/macos/lib/cmake/Qt6Core/Qt6QDarwinLocationPermissionPluginConfig.cmake",
		"/Users/vidunjayakody/Qt/Tools/CMake/CMake.app/Contents/share/cmake-3.24/Modules/CMakeFindDependencyMacro.cmake",
		"/Users/vidunjayakody/Qt/6.6.0/macos/lib/cmake/Qt6Core/Qt6QDarwinLocationPermissionPluginDependencies.cmake",
		"/Users/vidunjayakody/Qt/6.6.0/macos/lib/cmake/Qt6Core/Qt6QDarwinLocationPermissionPluginTargets.cmake",
		"/Users/vidunjayakody/Qt/6.6.0/macos/lib/cmake/Qt6Core/Qt6QDarwinLocationPermissionPluginTargets-relwithdebinfo.cmake",
		"/Users/vidunjayakody/Qt/6.6.0/macos/lib/cmake/Qt6Core/Qt6QDarwinLocationPermissionPluginAdditionalTargetInfo.cmake",
		"/Users/vidunjayakody/Qt/6.6.0/macos/lib/cmake/Qt6Core/Qt6QDarwinMicrophonePermissionPluginConfig.cmake",
		"/Users/vidunjayakody/Qt/Tools/CMake/CMake.app/Contents/share/cmake-3.24/Modules/CMakeFindDependencyMacro.cmake",
		"/Users/vidunjayakody/Qt/6.6.0/macos/lib/cmake/Qt6Core/Qt6QDarwinMicrophonePermissionPluginDependencies.cmake",
		"/Users/vidunjayakody/Qt/6.6.0/macos/lib/cmake/Qt6Core/Qt6QDarwinMicrophonePermissionPluginTargets.cmake",
		"/Users/vidunjayakody/Qt/6.6.0/macos/lib/cmake/Qt6Core/Qt6QDarwinMicrophonePermissionPluginTargets-relwithdebinfo.cmake",
		"/Users/vidunjayakody/Qt/6.6.0/macos/lib/cmake/Qt6Core/Qt6QDarwinMicrophonePermissionPluginAdditionalTargetInfo.cmake",
		"/Users/vidunjayakody/Qt/6.6.0/macos/lib/cmake/Qt6Gui/Qt6GuiConfigVersion.cmake",
		"/Users/vidunjayakody/Qt/6.6.0/macos/lib/cmake/Qt6Gui/Qt6GuiConfigVersionImpl.cmake",
		"/Users/vidunjayakody/Qt/6.6.0/macos/lib/cmake/Qt6Gui/Qt6GuiConfig.cmake",
		"/Users/vidunjayakody/Qt/Tools/CMake/CMake.app/Contents/share/cmake-3.24/Modules/CMakeFindDependencyMacro.cmake",
		"/Users/vidunjayakody/Qt/6.6.0/macos/lib/cmake/Qt6Gui/Qt6GuiDependencies.cmake",
		"/Users/vidunjayakody/Qt/6.6.0/macos/lib/cmake/Qt6/FindWrapOpenGL.cmake",
		"/Users/vidunjayakody/Qt/Tools/CMake/CMake.app/Contents/share/cmake-3.24/Modules/FindOpenGL.cmake",
		"/Users/vidunjayakody/Qt/Tools/CMake/CMake.app/Contents/share/cmake-3.24/Modules/FindPackageHandleStandardArgs.cmake",
		"/Users/vidunjayakody/Qt/Tools/CMake/CMake.app/Contents/share/cmake-3.24/Modules/FindPackageMessage.cmake",
		"/Users/vidunjayakody/Qt/Tools/CMake/CMake.app/Contents/share/cmake-3.24/Modules/FindPackageHandleStandardArgs.cmake",
		"/Users/vidunjayakody/Qt/Tools/CMake/CMake.app/Contents/share/cmake-3.24/Modules/FindPackageMessage.cmake",
		"/Users/vidunjayakody/Qt/6.6.0/macos/lib/cmake/Qt6GuiTools/Qt6GuiToolsConfigVersion.cmake",
		"/Users/vidunjayakody/Qt/6.6.0/macos/lib/cmake/Qt6GuiTools/Qt6GuiToolsConfigVersionImpl.cmake",
		"/Users/vidunjayakody/Qt/6.6.0/macos/lib/cmake/Qt6GuiTools/Qt6GuiToolsConfig.cmake",
		"/Users/vidunjayakody/Qt/Tools/CMake/CMake.app/Contents/share/cmake-3.24/Modules/CMakeFindDependencyMacro.cmake",
		"/Users/vidunjayakody/Qt/6.6.0/macos/lib/cmake/Qt6GuiTools/Qt6GuiToolsDependencies.cmake",
		"/Users/vidunjayakody/Qt/6.6.0/macos/lib/cmake/Qt6GuiTools/Qt6GuiToolsTargets.cmake",
		"/Users/vidunjayakody/Qt/6.6.0/macos/lib/cmake/Qt6GuiTools/Qt6GuiToolsAdditionalTargetInfo.cmake",
		"/Users/vidunjayakody/Qt/6.6.0/macos/lib/cmake/Qt6GuiTools/Qt6GuiToolsVersionlessTargets.cmake",
		"/Users/vidunjayakody/Qt/6.6.0/macos/lib/cmake/Qt6DBus/Qt6DBusConfigVersion.cmake",
		"/Users/vidunjayakody/Qt/6.6.0/macos/lib/cmake/Qt6DBus/Qt6DBusConfigVersionImpl.cmake",
		"/Users/vidunjayakody/Qt/6.6.0/macos/lib/cmake/Qt6DBus/Qt6DBusConfig.cmake",
		"/Users/vidunjayakody/Qt/Tools/CMake/CMake.app/Contents/share/cmake-3.24/Modules/CMakeFindDependencyMacro.cmake",
		"/Users/vidunjayakody/Qt/6.6.0/macos/lib/cmake/Qt6DBus/Qt6DBusDependencies.cmake",
		"/Users/vidunjayakody/Qt/6.6.0/macos/lib/cmake/Qt6DBusTools/Qt6DBusToolsConfigVersion.cmake",
		"/Users/vidunjayakody/Qt/6.6.0/macos/lib/cmake/Qt6DBusTools/Qt6DBusToolsConfigVersionImpl.cmake",
		"/Users/vidunjayakody/Qt/6.6.0/macos/lib/cmake/Qt6DBusTools/Qt6DBusToolsConfig.cmake",
		"/Users/vidunjayakody/Qt/Tools/CMake/CMake.app/Contents/share/cmake-3.24/Modules/CMakeFindDependencyMacro.cmake",
		"/Users/vidunjayakody/Qt/6.6.0/macos/lib/cmake/Qt6DBusTools/Qt6DBusToolsDependencies.cmake",
		"/Users/vidunjayakody/Qt/6.6.0/macos/lib/cmake/Qt6DBusTools/Qt6DBusToolsTargets.cmake",
		"/Users/vidunjayakody/Qt/6.6.0/macos/lib/cmake/Qt6DBusTools/Qt6DBusToolsTargets-relwithdebinfo.cmake",
		"/Users/vidunjayakody/Qt/6.6.0/macos/lib/cmake/Qt6DBusTools/Qt6DBusToolsAdditionalTargetInfo.cmake",
		"/Users/vidunjayakody/Qt/6.6.0/macos/lib/cmake/Qt6DBusTools/Qt6DBusToolsVersionlessTargets.cmake",
		"/Users/vidunjayakody/Qt/6.6.0/macos/lib/cmake/Qt6DBus/Qt6DBusTargets.cmake",
		"/Users/vidunjayakody/Qt/6.6.0/macos/lib/cmake/Qt6DBus/Qt6DBusTargets-relwithdebinfo.cmake",
		"/Users/vidunjayakody/Qt/6.6.0/macos/lib/cmake/Qt6DBus/Qt6DBusAdditionalTargetInfo.cmake",
		"/Users/vidunjayakody/Qt/6.6.0/macos/lib/cmake/Qt6DBus/Qt6DBusVersionlessTargets.cmake",
		"/Users/vidunjayakody/Qt/6.6.0/macos/lib/cmake/Qt6DBus/Qt6DBusMacros.cmake",
		"/Users/vidunjayakody/Qt/Tools/CMake/CMake.app/Contents/share/cmake-3.24/Modules/MacroAddFileDependencies.cmake",
		"/Users/vidunjayakody/Qt/6.6.0/macos/lib/cmake/Qt6Gui/Qt6GuiTargets.cmake",
		"/Users/vidunjayakody/Qt/6.6.0/macos/lib/cmake/Qt6Gui/Qt6GuiTargets-relwithdebinfo.cmake",
		"/Users/vidunjayakody/Qt/6.6.0/macos/lib/cmake/Qt6Gui/Qt6GuiAdditionalTargetInfo.cmake",
		"/Users/vidunjayakody/Qt/6.6.0/macos/lib/cmake/Qt6Gui/Qt6GuiVersionlessTargets.cmake",
		"/Users/vidunjayakody/Qt/6.6.0/macos/lib/cmake/Qt6Gui/Qt6GuiPlugins.cmake",
		"/Users/vidunjayakody/Qt/6.6.0/macos/lib/cmake/Qt6Gui/Qt6QCocoaIntegrationPluginConfig.cmake",
		"/Users/vidunjayakody/Qt/Tools/CMake/CMake.app/Contents/share/cmake-3.24/Modules/CMakeFindDependencyMacro.cmake",
		"/Users/vidunjayakody/Qt/6.6.0/macos/lib/cmake/Qt6Gui/Qt6QCocoaIntegrationPluginTargets.cmake",
		"/Users/vidunjayakody/Qt/6.6.0/macos/lib/cmake/Qt6Gui/Qt6QCocoaIntegrationPluginTargets-relwithdebinfo.cmake",
		"/Users/vidunjayakody/Qt/6.6.0/macos/lib/cmake/Qt6Gui/Qt6QCocoaIntegrationPluginAdditionalTargetInfo.cmake",
		"/Users/vidunjayakody/Qt/6.6.0/macos/lib/cmake/Qt6Gui/Qt6QGifPluginConfig.cmake",
		"/Users/vidunjayakody/Qt/Tools/CMake/CMake.app/Contents/share/cmake-3.24/Modules/CMakeFindDependencyMacro.cmake",
		"/Users/vidunjayakody/Qt/6.6.0/macos/lib/cmake/Qt6Gui/Qt6QGifPluginTargets.cmake",
		"/Users/vidunjayakody/Qt/6.6.0/macos/lib/cmake/Qt6Gui/Qt6QGifPluginTargets-relwithdebinfo.cmake",
		"/Users/vidunjayakody/Qt/6.6.0/macos/lib/cmake/Qt6Gui/Qt6QGifPluginAdditionalTargetInfo.cmake",
		"/Users/vidunjayakody/Qt/6.6.0/macos/lib/cmake/Qt6Gui/Qt6QICOPluginConfig.cmake",
		"/Users/vidunjayakody/Qt/Tools/CMake/CMake.app/Contents/share/cmake-3.24/Modules/CMakeFindDependencyMacro.cmake",
		"/Users/vidunjayakody/Qt/6.6.0/macos/lib/cmake/Qt6Gui/Qt6QICOPluginTargets.cmake",
		"/Users/vidunjayakody/Qt/6.6.0/macos/lib/cmake/Qt6Gui/Qt6QICOPluginTargets-relwithdebinfo.cmake",
		"/Users/vidunjayakody/Qt/6.6.0/macos/lib/cmake/Qt6Gui/Qt6QICOPluginAdditionalTargetInfo.cmake",
		"/Users/vidunjayakody/Qt/6.6.0/macos/lib/cmake/Qt6Gui/Qt6QJpegPluginConfig.cmake",
		"/Users/vidunjayakody/Qt/Tools/CMake/CMake.app/Contents/share/cmake-3.24/Modules/CMakeFindDependencyMacro.cmake",
		"/Users/vidunjayakody/Qt/6.6.0/macos/lib/cmake/Qt6Gui/Qt6QJpegPluginTargets.cmake",
		"/Users/vidunjayakody/Qt/6.6.0/macos/lib/cmake/Qt6Gui/Qt6QJpegPluginTargets-relwithdebinfo.cmake",
		"/Users/vidunjayakody/Qt/6.6.0/macos/lib/cmake/Qt6Gui/Qt6QJpegPluginAdditionalTargetInfo.cmake",
		"/Users/vidunjayakody/Qt/6.6.0/macos/lib/cmake/Qt6Gui/Qt6QMinimalIntegrationPluginConfig.cmake",
		"/Users/vidunjayakody/Qt/Tools/CMake/CMake.app/Contents/share/cmake-3.24/Modules/CMakeFindDependencyMacro.cmake",
		"/Users/vidunjayakody/Qt/6.6.0/macos/lib/cmake/Qt6Gui/Qt6QMinimalIntegrationPluginTargets.cmake",
		"/Users/vidunjayakody/Qt/6.6.0/macos/lib/cmake/Qt6Gui/Qt6QMinimalIntegrationPluginTargets-relwithdebinfo.cmake",
		"/Users/vidunjayakody/Qt/6.6.0/macos/lib/cmake/Qt6Gui/Qt6QMinimalIntegrationPluginAdditionalTargetInfo.cmake",
		"/Users/vidunjayakody/Qt/6.6.0/macos/lib/cmake/Qt6Gui/Qt6QOffscreenIntegrationPluginConfig.cmake",
		"/Users/vidunjayakody/Qt/Tools/CMake/CMake.app/Contents/share/cmake-3.24/Modules/CMakeFindDependencyMacro.cmake",
		"/Users/vidunjayakody/Qt/6.6.0/macos/lib/cmake/Qt6Gui/Qt6QOffscreenIntegrationPluginTargets.cmake",
		"/Users/vidunjayakody/Qt/6.6.0/macos/lib/cmake/Qt6Gui/Qt6QOffscreenIntegrationPluginTargets-relwithdebinfo.cmake",
		"/Users/vidunjayakody/Qt/6.6.0/macos/lib/cmake/Qt6Gui/Qt6QOffscreenIntegrationPluginAdditionalTargetInfo.cmake",
		"/Users/vidunjayakody/Qt/6.6.0/macos/lib/cmake/Qt6Gui/Qt6QSvgIconPluginConfig.cmake",
		"/Users/vidunjayakody/Qt/Tools/CMake/CMake.app/Contents/share/cmake-3.24/Modules/CMakeFindDependencyMacro.cmake",
		"/Users/vidunjayakody/Qt/6.6.0/macos/lib/cmake/Qt6Gui/Qt6QSvgIconPluginTargets.cmake",
		"/Users/vidunjayakody/Qt/6.6.0/macos/lib/cmake/Qt6Gui/Qt6QSvgIconPluginTargets-relwithdebinfo.cmake",
		"/Users/vidunjayakody/Qt/6.6.0/macos/lib/cmake/Qt6Gui/Qt6QSvgIconPluginAdditionalTargetInfo.cmake",
		"/Users/vidunjayakody/Qt/6.6.0/macos/lib/cmake/Qt6Gui/Qt6QSvgPluginConfig.cmake",
		"/Users/vidunjayakody/Qt/Tools/CMake/CMake.app/Contents/share/cmake-3.24/Modules/CMakeFindDependencyMacro.cmake",
		"/Users/vidunjayakody/Qt/6.6.0/macos/lib/cmake/Qt6Gui/Qt6QSvgPluginTargets.cmake",
		"/Users/vidunjayakody/Qt/6.6.0/macos/lib/cmake/Qt6Gui/Qt6QSvgPluginTargets-relwithdebinfo.cmake",
		"/Users/vidunjayakody/Qt/6.6.0/macos/lib/cmake/Qt6Gui/Qt6QSvgPluginAdditionalTargetInfo.cmake",
		"/Users/vidunjayakody/Qt/6.6.0/macos/lib/cmake/Qt6Gui/Qt6QTuioTouchPluginConfig.cmake",
		"/Users/vidunjayakody/Qt/Tools/CMake/CMake.app/Contents/share/cmake-3.24/Modules/CMakeFindDependencyMacro.cmake",
		"/Users/vidunjayakody/Qt/6.6.0/macos/lib/cmake/Qt6Gui/Qt6QTuioTouchPluginTargets.cmake",
		"/Users/vidunjayakody/Qt/6.6.0/macos/lib/cmake/Qt6Gui/Qt6QTuioTouchPluginTargets-relwithdebinfo.cmake",
		"/Users/vidunjayakody/Qt/6.6.0/macos/lib/cmake/Qt6Gui/Qt6QTuioTouchPluginAdditionalTargetInfo.cmake",
		"/Users/vidunjayakody/Qt/6.6.0/macos/lib/cmake/Qt6Widgets/Qt6WidgetsTargets.cmake",
		"/Users/vidunjayakody/Qt/6.6.0/macos/lib/cmake/Qt6Widgets/Qt6WidgetsTargets-relwithdebinfo.cmake",
		"/Users/vidunjayakody/Qt/6.6.0/macos/lib/cmake/Qt6Widgets/Qt6WidgetsAdditionalTargetInfo.cmake",
		"/Users/vidunjayakody/Qt/6.6.0/macos/lib/cmake/Qt6Widgets/Qt6WidgetsVersionlessTargets.cmake",
		"/Users/vidunjayakody/Qt/6.6.0/macos/lib/cmake/Qt6Widgets/Qt6WidgetsMacros.cmake",
		"/Users/vidunjayakody/Qt/6.6.0/macos/lib/cmake/Qt6Widgets/Qt6WidgetsPlugins.cmake",
		"/Users/vidunjayakody/Qt/6.6.0/macos/lib/cmake/Qt6Widgets/Qt6QMacStylePluginConfig.cmake",
		"/Users/vidunjayakody/Qt/Tools/CMake/CMake.app/Contents/share/cmake-3.24/Modules/CMakeFindDependencyMacro.cmake",
		"/Users/vidunjayakody/Qt/6.6.0/macos/lib/cmake/Qt6Widgets/Qt6QMacStylePluginTargets.cmake",
		"/Users/vidunjayakody/Qt/6.6.0/macos/lib/cmake/Qt6Widgets/Qt6QMacStylePluginTargets-relwithdebinfo.cmake",
		"/Users/vidunjayakody/Qt/6.6.0/macos/lib/cmake/Qt6Widgets/Qt6QMacStylePluginAdditionalTargetInfo.cmake",
		"/Users/vidunjayakody/Qt/6.6.0/macos/lib/cmake/Qt6LinguistTools/Qt6LinguistToolsConfigVersion.cmake",
		"/Users/vidunjayakody/Qt/6.6.0/macos/lib/cmake/Qt6LinguistTools/Qt6LinguistToolsConfigVersionImpl.cmake",
		"/Users/vidunjayakody/Qt/6.6.0/macos/lib/cmake/Qt6LinguistTools/Qt6LinguistToolsConfig.cmake",
		"/Users/vidunjayakody/Qt/Tools/CMake/CMake.app/Contents/share/cmake-3.24/Modules/CMakeFindDependencyMacro.cmake",
		"/Users/vidunjayakody/Qt/6.6.0/macos/lib/cmake/Qt6LinguistTools/Qt6LinguistToolsDependencies.cmake",
		"/Users/vidunjayakody/Qt/6.6.0/macos/lib/cmake/Qt6LinguistTools/Qt6LinguistToolsTargets.cmake",
		"/Users/vidunjayakody/Qt/6.6.0/macos/lib/cmake/Qt6LinguistTools/Qt6LinguistToolsTargets-relwithdebinfo.cmake",
		"/Users/vidunjayakody/Qt/6.6.0/macos/lib/cmake/Qt6LinguistTools/Qt6LinguistToolsAdditionalTargetInfo.cmake",
		"/Users/vidunjayakody/Qt/6.6.0/macos/lib/cmake/Qt6LinguistTools/Qt6LinguistToolsVersionlessTargets.cmake",
		"/Users/vidunjayakody/Qt/6.6.0/macos/lib/cmake/Qt6LinguistTools/Qt6LinguistToolsMacros.cmake",
		"/Users/vidunjayakody/Qt/Tools/CMake/CMake.app/Contents/share/cmake-3.24/Modules/CMakeParseArguments.cmake",
		"/Users/vidunjayakody/Qt/Tools/CMake/CMake.app/Contents/share/cmake-3.24/Modules/GNUInstallDirs.cmake",
		"/Users/vidunjayakody/Qt/6.6.0/macos/lib/cmake/Qt6/macos/Info.plist.app.in"
	],
	"CMAKE_SOURCE_DIR" : "/Users/vidunjayakody/Desktop/comp3004/assignment-02/qt-ui/elevator-ui",
	"DEP_FILE" : "/Users/vidunjayakody/Desktop/comp3004/assignment-02/qt-ui/build-elevator-ui-Qt_6_6_0_for_macOS-Debug/elevator-ui_autogen/deps",
	"DEP_FILE_RULE_NAME" : "elevator-ui_autogen/timestamp",
	"HEADERS" : 
	[
		[
			"/Users/vidunjayakody/Desktop/comp3004/assignment-02/qt-ui/elevator-ui/mainwindow.h",
			"MU",
			"EWIEGA46WW/moc_mainwindow.cpp",
			null
		]
	],
	"HEADER_EXTENSIONS" : [ "h", "hh", "h++", "hm", "hpp", "hxx", "in", "txx" ],
	"INCLUDE_DIR" : "/Users/vidunjayakody/Desktop/comp3004/assignment-02/qt-ui/build-elevator-ui-Qt_6_6_0_for_macOS-Debug/elevator-ui_autogen/include",
	"MOC_COMPILATION_FILE" : "/Users/vidunjayakody/Desktop/comp3004/assignment-02/qt-ui/build-elevator-ui-Qt_6_6_0_for_macOS-Debug/elevator-ui_autogen/mocs_compilation.cpp",
	"MOC_DEFINITIONS" : [ "QT_CORE_LIB", "QT_GUI_LIB", "QT_WIDGETS_LIB" ],
	"MOC_DEPEND_FILTERS" : 
	[
		[
			"Q_PLUGIN_METADATA",
			"[\n][ \t]*Q_PLUGIN_METADATA[ \t]*\\([^\\)]*FILE[ \t]*\"([^\"]+)\""
		]
	],
	"MOC_INCLUDES" : 
	[
		"/Users/vidunjayakody/Qt/6.6.0/macos/lib/QtCore.framework/Headers",
		"/Users/vidunjayakody/Qt/6.6.0/macos/lib/QtCore.framework",
		"/Users/vidunjayakody/Qt/6.6.0/macos/mkspecs/macx-clang",
		"/Users/vidunjayakody/Qt/6.6.0/macos/include",
		"/Users/vidunjayakody/Qt/6.6.0/macos/lib/QtWidgets.framework/Headers",
		"/Users/vidunjayakody/Qt/6.6.0/macos/lib/QtWidgets.framework",
		"/Users/vidunjayakody/Qt/6.6.0/macos/lib/QtGui.framework/Headers",
		"/Users/vidunjayakody/Qt/6.6.0/macos/lib/QtGui.framework",
		"/Library/Developer/CommandLineTools/SDKs/MacOSX14.0.sdk/usr/include/c++/v1",
		"/Library/Developer/CommandLineTools/usr/lib/clang/15.0.0/include",
		"/Library/Developer/CommandLineTools/SDKs/MacOSX14.0.sdk/usr/include",
		"/Library/Developer/CommandLineTools/usr/include"
	],
	"MOC_MACRO_NAMES" : 
	[
		"Q_OBJECT",
		"Q_GADGET",
		"Q_NAMESPACE",
		"Q_NAMESPACE_EXPORT",
		"Q_GADGET_EXPORT"
	],
	"MOC_OPTIONS" : [],
	"MOC_PATH_PREFIX" : false,
	"MOC_PREDEFS_CMD" : 
	[
		"/usr/bin/clang++",
		"-dM",
		"-E",
		"-c",
		"/Users/vidunjayakody/Qt/Tools/CMake/CMake.app/Contents/share/cmake-3.24/Modules/CMakeCXXCompilerABI.cpp"
	],
	"MOC_PREDEFS_FILE" : "/Users/vidunjayakody/Desktop/comp3004/assignment-02/qt-ui/build-elevator-ui-Qt_6_6_0_for_macOS-Debug/elevator-ui_autogen/moc_predefs.h",
	"MOC_RELAXED_MODE" : false,
	"MOC_SKIP" : [],
	"MULTI_CONFIG" : false,
	"PARALLEL" : 8,
	"PARSE_CACHE_FILE" : "/Users/vidunjayakody/Desktop/comp3004/assignment-02/qt-ui/build-elevator-ui-Qt_6_6_0_for_macOS-Debug/CMakeFiles/elevator-ui_autogen.dir/ParseCache.txt",
	"QT_MOC_EXECUTABLE" : "/Users/vidunjayakody/Qt/6.6.0/macos/./libexec/moc",
	"QT_UIC_EXECUTABLE" : "/Users/vidunjayakody/Qt/6.6.0/macos/./libexec/uic",
	"QT_VERSION_MAJOR" : 6,
	"QT_VERSION_MINOR" : 6,
	"SETTINGS_FILE" : "/Users/vidunjayakody/Desktop/comp3004/assignment-02/qt-ui/build-elevator-ui-Qt_6_6_0_for_macOS-Debug/CMakeFiles/elevator-ui_autogen.dir/AutogenUsed.txt",
	"SOURCES" : 
	[
		[
			"/Users/vidunjayakody/Desktop/comp3004/assignment-02/qt-ui/elevator-ui/main.cpp",
			"MU",
			null
		],
		[
			"/Users/vidunjayakody/Desktop/comp3004/assignment-02/qt-ui/elevator-ui/mainwindow.cpp",
			"MU",
			null
		]
	],
	"UIC_OPTIONS" : [],
	"UIC_SEARCH_PATHS" : [],
	"UIC_SKIP" : [],
	"UIC_UI_FILES" : [],
	"VERBOSITY" : 0
}
